标题,内容,不完整URL,百度跳转
pholcus: [爬虫框架 (golang)] Pholcus(幽灵蛛)是一款纯Go语言...,"[爬虫框架 (golang)] Pholcus(幽灵蛛)是一款纯Go语言编写的高并发、分布式、重量级爬虫软件,支持单机、服务端、客户端三种运行模式,拥有Web、GUI、命令行三种操作...",,http://www.baidu.com/link?url=jd9Zj4LvW6ADVKvXQE1JFQKhmnGUTwk2wSO33zFj4TTgRHs_ziy8Gv7I7-i6u3i3
GitHub - henrylee2cn/pholcus: [Crawler for Golang] Pholcus is...,,,http://www.baidu.com/link?url=AXvFaFkmgZ7Szi50vhKCJvg0gKf78vkua1ogjjpMQA1nOTBOL48OATUxXZpW0Gtw
golang爬虫项目Pholcus源码分析(一) - aspace123的博客 - CSDN博客,"2019年4月12日 - 项目地址:https://github.com/henrylee2cn/pholcus操作界面的显示如图,example_main.go是一个例子,用于指引用户写自己的main函数。main函数中执行了一...",,http://www.baidu.com/link?url=X4c-jVUaj0wgdW0E-ftGEvwrzYaDYBLGPv_OckuUaIwKHOT_VM5yS6AU7qfcUmnfBFI7V_B0MlxGUr-VhdOCty-t3UY6x31QyK3U-R6tc8W
Pholcus 完全手册 · GitBook (Legacy),"2015年12月15日 - docs: Pholcus(幽灵蛛)是一款纯Go语言编写的高并发、分布式、重量级爬虫软件,支持单机、服务端、客户端三种运行模式,拥有Web、GUI、命令行三种操作界...",,http://www.baidu.com/link?url=ZQ9BdEFwVkGaDjs9oB3galiiYmjvInq2YkBcEawtblUwPsC7HrQIqobcmTrC5LEYkzZ-L2TlYDMSISkgUGmzOa
幽灵蛛(pholcus)规则(二) - 徐长卿学数据分析 - 博客园,"2017年1月23日 - package pholcus_lib // 基础包 import ( ""github.com/henrylee2cn/pholcus/common/goquery"" //DOM解析 ""github.com/henrylee2cn/pholcus/app/downloa...",,http://www.baidu.com/link?url=Ssb6ALXbscpLfO6wNNd3tOKEg0PvR2p9XoJxaKeY-p04TyCIM4O904WwTdRVe3-fgAV_UOt5sct0yV9_yVC5Qa
Pholcus本地构建运行记录 - bluemoon01的博客,"2019年9月17日 - Pholcus简介最近在学习go语言,想找个开源项目作为学习参考,因此找到了一个比较感兴趣的项目——Pholcus。这篇文章记录了Pholcus的本地构建过程。Pholc...",,http://www.baidu.com/link?url=rFL3fwqi7_0loaOd1jqCkqw0uAoxUOkAdmspsAJUxCIRbuNS3yZ8MzxvOBOIyiZmjX65MyxJ830RbY2g9FUd3K
Pholcus 0.7.5 发布 Go 爬虫软件 | 客家网络,"2019年11月26日 - Pholcus(幽灵蛛)是一款纯Go语言编写的重量级爬虫软件,清新的GUI界面,优雅的爬虫规则、可控的高并发、任意的批量任务、多种输出方式、大量Demo,支持横...",,http://www.baidu.com/link?url=IRTqypcWnwXQZsyBvrWR-eUw9Rjr9tG20ouc8hnYl3sxMZtnH630LbWOXWcwnyZM
Pholcus_pholcus - 云+社区 - 腾讯云,"PholcusPholcus(幽灵蛛)是一款纯Go语言编写的支持分布式的高并发、重量级爬虫软件,定位于互联网数据采集,为具备一定Go或JS编程基础的人提供一个只需关注规则定制的...",,http://www.baidu.com/link?url=tAlwXRCtl7qCcS2oQ9WX3O2dUqF2PeZMvHfUx8brj8thCwFTIMVj8aDCs1lRVSFMnqtnfpCJaDnmeCkM9Xro5mid3Xh0NzbcMGY1d4mH8lS
【免费】Go语言爬虫利器--Pholcus实战视频教程-1-pholcus的项目...,pholcus的项目简介 10:06 免费  pholcus的实战演示 9:51  pholcus的快速搭建和使用 15:23  pholcus的使用讲解 17:21  pholcus的真爱网需求讲解 14:40  pholcus...,,http://www.baidu.com/link?url=oogDUMViWL9QLCXPdX2MNNoYQQA_2jjHm_Wz81oEryWQzE83lUmw9ONoFRmIiH6R
pholcus_百度翻译,,,http://www.baidu.com/link?url=0Q6pIAtJpNhPYHfxXSxGCCotESC94jrs9FQPXFNP_9xACpaNX76gTjwz2pPnzHZWEtqOdyGgdBNUlp4nYYlTFq
分享go语言爬虫---开源项目Pholcus - 丨Mars - 博客园,"2017年8月30日 - 写在开头的话:记录一下最近学习Pholcus(https://github.com/henrylee2cn/pholcus)的过程,首先去学习的go基本语法,在没接触的时候发现很多不理解的地方...",,http://www.baidu.com/link?url=UQHxG632_qQUATbPhe75t9V_FTISPRC5QZ24y3-UF1iA7WiN8RrUVKri_AlWdhgqZB9KwghSFlVOlCeZOp_cM_
Pholcus(幽灵蛛)爬虫软件 v1.0 稳定版正式发布 - OSCHINA,"2016年6月16日 - 自2015年5月 Pholcus 发布第一个版本起历经一年的版本迭代,今日 v1.0 稳定版本终于正式发布了。在此感谢所有关注过Pholcus、反馈过开发建议以及运行...",,http://www.baidu.com/link?url=keaGoOY5zup-ax03oa44q_BywvCodVh-ErR16hEoVeyfxoXDBZSjr8g3PBqKyTIqY5t1TVUrYG2o94MbvUw2t_
Pholcus动态规则示例(翻译) - 简书,"特点:动态加载规则,无需重新编译软件,书写简单,添加自由,适用于轻量级的采集项目 xxx.pholcus.html Tag:翻译 :蜘蛛🕷️:描述 ...",,http://www.baidu.com/link?url=M9gs_xve-DBWqZmQjWlB5xGNUTcsY09yaB_iEUPcqjVNdqT6_J0tlBJLFKhMfTkt
pholcus_v2 一款纯Go语言编写的支持分布式的高并发、重量级爬虫...,"2017年3月8日 - pholcus_v2 一款纯Go语言编写的支持分布式的高并发、重量级爬虫软件,定位于互联网数据采集,为具备一定Go或JS编程基础的人提供一个只需关注规则定制的...",,http://www.baidu.com/link?url=8XgSmFpf0ywKVSZGZ_PIm6rToHsm3-0ZG9XgY3Wrr3vhoWzXT_-aucJ3Tu_g_mFyYEimLScKZrc4QVr5lHPX9q
Go-Pholcus幽灵蛛是一款纯Go语言编写的高并发分布式重量级爬虫...,"2019年8月14日 - Pholcus(幽灵蛛)是一款纯Go语言编写的支持分布式的高并发、重量级爬虫软件,定位于互联网数据采集,为具备一定Go或JS编程基础的人提供一个只需关注规则...",,http://www.baidu.com/link?url=8vHIKXwGt0Ay_jCsjSyt2mh89zEFmgQxgF1hfiS8mefBxrzrOb-RRzW-1LeEfGRHFxvq2wXZfa4NIeHeqRKx33FXm9S-iRaZGSjQtZ9GUFC
幽灵蛛(pholcus)(三)--strings学习资料-布布扣-bubuko.com,2017年1月24日 - 幽灵蛛(pholcus)(三)--strings学习资料 标签:ret ffi 指定 last png lds title ref 支持  原文:http://www.cnblogs.com/SSSR/p/6347431.html踩...,,http://www.baidu.com/link?url=GzBex4ghAnYJ9M4Stnopat49oeJSmtktkUmMNlzcIwlVZZJ0wuJAciF6MoKF4tXFFi1f0HII_3bGvPxtrXyQra
pholcus_百度图片,,,http://www.baidu.com/link?url=OYr8kJmOeqTm9kP-vB746bskTIRrMqSCA3TxlrUyrk-rYNS1_3O58C0LxlqYEIfdsrBGC7_KqNb17A6RLPszBYUUOJsCi62I5qWScc-Hz2hrtaO5a5Cg2V_wSuoKjHxgeS4FnHlB6cOWAabe94eciqnDyhyVTmaiCd3ZVq-zeSGPyobyvubBpsGq0LmBCFZX
pholcusphalangioides - Bing 词典,"必应词典为您提供pholcusphalangioides的释义,网络释义: 家幽灵蛛;室内幽灵蛛;幽灵蜘蛛;",,http://www.baidu.com/link?url=FRooq7ZPyoQOoaDUEIbESlna2bT5u7_VWIz47gKaHmydoU6YKXQMs6KbJt-0N7OtVVcWGFClpvB70u9XlZam6q
"木木老蔫 | 少年心意一如明月松间的青石流水,那些年里看到了、却...","木木老蔫的博客,主要记录关于PHP,MYSQL等相关技术以及框架应用日志,还有一些互联网新闻,加上自己的生活见解,组成了这样一个博客",,http://www.baidu.com/link?url=T2A9POVNCXmfNeHLcpwoVBrWQvD7QzyMD21lOn0jQxK
Pholcus首页、文档和下载 - Go 爬虫软件 - OSCHINA,"2015年6月22日 - Pholcus Pholcus(幽灵蛛)是一款纯Go语言编写的支持分布式的高并发、重量级爬虫软件,定位于互联网数据采集,为具备一定Go或JS编程基础的人提供一个只需...",,http://www.baidu.com/link?url=yaw2Oitxr7jDWmejgcIU8mMrBVldSuyrG3jTMQWrrOJn1lTT7CcqKVH1qgr6cjli
Pholcus首页、文档和下载 - 重量级爬虫软件 - Go语言中文网 - Go...,2015年6月7日 - # pholcus [![GoDoc](https://godoc.org/github.com/tsuna/gohbase?status.png)](https://godoc.org/github.com/henrylee2cn/pholcus) [![GitHub ...,,http://www.baidu.com/link?url=tVs-zLCbJReX22nkWaOOLwxvxKqUC0XY7UNIdlIMZbv-xUqvh5ilj80HaNxofD85
【pholcus】什么意思_英语pholcus的翻译_音标_读音_用..._有道词典,"...Pholcus(幽灵蛛)是一款纯Go语言编写的支持分布式的高并发、重量级爬虫软件,定位于互联网数据采集,为具备一定Go或JS编程基础的人提供一个只需关... 基于362个...",,http://www.baidu.com/link?url=rovPxoNXCBp_USVf8diBd_JbfIaDjQc0aun9aXojf0mAvLP-CGWNdOs1VOLBU_zA
Go-Pholcus爬人民网新闻规则 - iMeta - CSDN博客,"2016年4月20日 - Go语言下有个爬虫软件pholcus,写了个爬虫的规则,抓的是人民网的最新新闻。  pholcus开源软件做的还是挺棒的,但是觉得Go语言不太好玩。  规则放到了Git...",,http://www.baidu.com/link?url=eEg_uzkWQvrj5iwzST3e5qfy4PntOPw-K5Wz3P--dP0UkdDRCAVvrX3gB-O-ZNI3KSuqGrEoYMuey-ySAguR9VEuCBDeQcjghn3o8bPm1OS
GitHub - pholcus/docs: Pholcus 完全手册。,,,http://www.baidu.com/link?url=5kdbdPyREg2SB_iJRFCvHHIy3sgO4y3YGWlexzFsCDgWOJdmltkyIx43CPUHK-At
Go语言爬虫利器--Pholcus实战视频教程-3-pholcus的快速搭建和使用...,03. pholcus的快速搭建和使用 15:23  04. pholcus的使用讲解 17:21  05. pholcus的真爱网需求讲解 14:40  06. pholcus的真爱网城市列表的爬虫和解析 14:53...,,http://www.baidu.com/link?url=XNmnUts2sBQHDJo1SE6RgrpApswIVEAgc5VMg2Yxrsg-gCVpGwZiC2_mShPoREOJWSBpazpEAlm6KihaPitM4q
pholcus: Pholcus(幽灵蛛)是一款纯Go语言编写的支持分布式的高...,"Pholcus(幽灵蛛)是一款纯Go语言编写的支持分布式的高并发、重量级爬虫软件,定位于互联网数据采集,为具备一定Go或JS编程基础的人提供一个只需关注规则定制的功能强大...",,http://www.baidu.com/link?url=6Uq3gNijf7aJrqq-5mMhSEvoeqdgSdmP1ufC1bIQ9u6gbKBfti6GW8AQABHZqo8u
"Pholcus 1.2 发布,高并发、分布式爬虫软件 - OSCHINA","2016年9月26日 - Pholcus爬虫软件发布1.2版本,CPU使用率与内存占用均有大幅降低,运行更加稳定流畅。同时新增kafka输出方式,加快任务终止速度(秒级延时)。 Pholcus v1.2...",,http://www.baidu.com/link?url=xLBUeMI35fEgqyxBdEH9YVlJQJbBpqKzc018vVSIz1YyrWJuJDMi06FgtLu_ck06GDEObFHz0S1qp8XPJnzsBq
幽灵蛛_百度百科,,,http://www.baidu.com/link?url=JMRxM_ZoeZFsbb9g3LNC2BT3Gdp-l97LDXYKd8okkdyWOT387P7BazWqqsDYCOEzJ-wIR22xso_vhyJnBKZHr0epoo3PPA-C3rFpOkswr6ODluGWNsPDGvhGJ__9vJ5o
"Pholcus爬虫v0.8.0,支持HTML风格动态规则 - 软件追踪 - LUPA开源...","2016年1月20日 - 近日,Pholcus 升级 v0.8.0 版本了,最大的亮点就是:终于突破规则需要静态编译的局制,增加支持HTML风格的动态规则。以后交流分享规则变得更加方便,随之...",,http://www.baidu.com/link?url=R5oa345fJQ_55YoamuBVXxzLi464BXSNaednori7126k_IIvopdbsWW2W8anIGL5DO53FfqPTMTMWZUYk4V2ia
爬虫用哪个好? - 知乎,"2016年6月1日 - Golang: Pholcus .net : abot  ...但是从实用性和易懂的角度 ,python 你可以首先考虑,因为python入门容易,scrapy的社区活跃,出了各种问题都可以找的到...",,http://www.baidu.com/link?url=ap0HnTmEmKsBZeZ6QdO1N9yK4PS5KM0W5UB0rBr7l0v5d2KNzbMzwYWbNQYzUdx9
Fifteen new species of the spider genus Pholcus (Araneae: ...,"Fifteen new species from six species groups of the genus Pholcus Walckenaer, 1805 are described from Southeast Asia: Pholcus hinsonensis sp. nov. (male...",,http://www.baidu.com/link?url=YnFMJdO0NvCZ_2OGyfVDQHl6lfyjnX58JjocxlYRO4_RIFlFelFd8KK3qZ0YSoJwXByCbwQva9veosj7SKccEq
"使用爬虫采集网站时,解决被封IP的几种方法_脚本攻防_网络安全_脚...","2016年10月8日 - Pholcus(幽灵蛛)爬虫软件 v1.2 Pholcus(幽灵蛛)是一款纯Go语言编写的支持分布式的高并发、重量级爬虫软件,定位于互联网数据采集,为具备一定Go或JS编程...",,http://www.baidu.com/link?url=_rgrdMJho9nm7UWHHePRBwl9BR_F53YxOpPFH6_wTBtjYd7ikzAOQgGIsV2h6n_D
幽灵蛛与盲蛛的区别???_百度知道,"最佳答案: 一,名字不同 1,盲蛛(Opiliones)是节肢动物门蛛形纲盲蛛目的统称。 2,幽灵蛛(英文名:Pholcus)是无脊椎动物,也是一类...更多关于pholcus的问题>>",,http://www.baidu.com/link?url=rMkNUFU0ySRZrke6ggbaXp_LkOqZFq1Vz__NRg3Y2FOaGVatVQNgN2y9uCOR3xF5Y8cT8mgocI2ycciZWHUZNq
中国科学院大学研究生导师简介-李枢强,2016年5月9日 - & *Li S.Q. 2010 Male-specific (Z)-9-tricosene stimulates female mating behaviour in the spider Pholcus beijingensis. Proceedings of the Roya...,,http://www.baidu.com/link?url=ytgbiUvJKmzi15uxToGsDCEoiniAXTHKtiHzVjy5kvjLcKhQYVqyvjjgWAaMVxH8KWm-9jlDUAA6n-mx6xIuIrhDKLj_H9WQNYdOhvq3iNAeok1moqoqDokjncka0Xqp
央视网黄乐:媒体行业风险管理体系设计与实现 - FreeBuf互联网安全...,"2019年7月23日 - 对于域名盘点来说,采用爬虫是非常顺理成章的思路,通过横向比较我们采用“幽灵蛛”(https://github.com/henrylee2cn/pholcus)作为爬虫工具,并在此基础...",,http://www.baidu.com/link?url=Y09jzA1ueLNJ_tSiy_1i17qSFuZvC-vQ-xHDjCuBG4Kj4UJjWz4nWWkYyM96NUo1L8y5UaRP2ErA17Lu2IpqWq
井冈山大学生命科学学院,"2019年9月24日 - 4.Yonghong Xiao, Jianxu Zhang, Shuqiang Li, Male-specific (Z)-9-tricosene Stimulates Female Mating Behaviour in the Spider Pholcus beijingen...",,http://www.baidu.com/link?url=gI7BKrBsXCmq1FoLaE_uUmkvxK1yK1fINcu--fn5fH52g31cK70jOuQcjUjGYAghbLv4Qv3Fbin02IYoJOP7tDI0H_VbFsIlsb5KJuz__XS
【城市物种日历】11月21日 家幽灵蛛 | 自然控小组 | 果壳 科技有...,"2015年11月21日 - 其实不论是周二的白额高脚蛛还是周三的棒络新妇都有长长的细腿,但是和今天的主角——家幽灵蛛(Pholcus phalangioides)比起来,它们那是小巫见大巫。家...",,http://www.baidu.com/link?url=GCsq9PYHt67NPPFMFnBAw3adtTzEcqT1an9jrJ8oU_0LmZjIFU-ndF2wJZ8XyFp7r70P98XcohYMVxG9jmUnQK
"【图片】{野采游记}新西兰,奥克兰(直播)【昆虫吧】_百度贴吧",2016年12月17日 - 一大堆幽灵蛛(Pholcus phalangioides和Pholcus sp)。。。简直成灾了。。。 回复 举报|7楼2016-12-17 10:23  澤  穿檀之蠹 6  话说这边的幽灵蛛可真大 ...,,http://www.baidu.com/link?url=GjbS67BcbH8ADTNM69wIODg8DKFO1nufBMq9Ps1FlHPVagzWpzHMatr3FMIqfofg
Vitrum's Blog | Vitrum@Shanghai China,go get -u -v github.com/henrylee2cn/pholcus“` 下载试例脚本:“` go get -u -v github.com/vitrum/pholcus-lib-lagou“` 使用demo目录的demo.go “...,,http://www.baidu.com/link?url=rdxNz5cIro4ezsvlpZWEbUyZ9GXNdqG7mWDRJBwY5eo7JMC1d8xvsdPMGedmCuqg
builtin.go 源码下载 - pholcus,2017年5月1日 - 下载来自pholcus源程序的builtin.go文件  文件大小:8.37KB 文件名:builtin.go 类型:.go文件 验证码: 相关源码/软件:nogotofail - 测试工具的路径上黑...,,http://www.baidu.com/link?url=yx11iLT0IPMpbpAQ97d-xSBsMtCUAMwgmVHypNs7rtty7hin4xl9B3zZF2Ofd9YoVHVTJFs8iQaAczxsdpz7bq
pyspider爬取外卖信息求高手指导 - 梁大头的回答 - SegmentFault ...,"2018年9月25日 - 准备9月份开学给学生们讲一下爬虫,激发学生的学习兴趣。比较pyspider、Pholcus、WebCollector等开源爬虫框架,最后还是选择pyspider来制作演示例子,因...",,http://www.baidu.com/link?url=s3oJvd9B4bgxxPYdiWOdI8joe2IGsZdu6-IDN1zMOo3zWDQ_RF_Z2LL1HnrFe6VgFOQOEV-LMeUIRUIlYiEPBOSTMxNAjoSuLb-uNi62Cw_
河北大学生命科学学院,"A review of the genus Pholcus (Araneae: Pholcidae) from China. Zootaxa. 2009, 2037, 1-114.(SCI收录)73.Feng Zhang, Ming-sheng Zhu & I-Min Tso...",,http://www.baidu.com/link?url=B5nM6kD2_XUPyQMxWzFtOH4Bj9oorAM2VkijuAgKbOxno117Dbl-nY5qFGriPI8bKlCmpTVPhc6vaTIEd2-ila
在英国睡觉每年吞掉8只蜘蛛?这是家中常见的10个种类,"2018年1月18日 - 好吧其实人家的学名叫Pholcus phalangioides家幽蜘蛛。据说家里的小朋友看到它的时候常会大喊“爸爸,(救命!这里有)大长腿(蜘蛛)!”,所以家幽蜘蛛常被叫做爸爸...",,http://www.baidu.com/link?url=-vF1oguo8u0jdDRYvrXnLEY9wCxKR_k3ZxDjcjc7zsnpMZ2br7P-WZsGfaDorV20kI9hgp0ZREcBgyy9jCkkrq
年薪50万必学Go语言+区块链从入门到企业实战-51CTO学院,企业级多语言舆情爬虫系统Go语言爬虫利器--Pholcus实战课程 Go语言实战案例:企业级舆情爬虫系统教程 31课时 6小时22分钟  Go语言爬虫利器--Pholcus案例实战课程  10...,,http://www.baidu.com/link?url=pJVHfqYlW2PTDQAb5_ARf7Y7icnr8_pjtzV1DuLlCV1kR2whsYPZz9G6g0uKxvwbj4T5Krpr7RibCb4OWQW0Ba
(PDF) Microhabitat change drives diversification in pholcid ...,"PDF | Microhabitat changes are thought to be among the main drivers of diversification. However, this conclusion is mostly based on studies on vertebrates...",,http://www.baidu.com/link?url=Zvb8hfP5dwPNYVdMEaHeNKd0M5ZLaicVs6t1EzzsFcBaC0ZhQSJUezi6bYhlFMoTd8WboXeagxAyevkPSCm1eu-Geqtxw2TiyIAJ2J0KxwtmSWYmVEq_qyBYDfmEvkuXnzN_ami2RokyNjk4nin29azTAoequnpqZJWYasCuzWW
《海南简单生殖器类蜘蛛》佟艳丰著【摘要 书评 在线阅读】-苏宁...,"2018年7月17日 - 16.小幽灵蛛属Micropholcus Deeleman-Reinhold&Prinsen,1987  (53)佛若小幽灵蛛Micropholcusfauroa(Simon,1887)  17.莫蒂蛛属Modisimus Simon,1893 ...",,http://www.baidu.com/link?url=nrvUsPrVO-njVZUMwS8Lsu4JflWk_UkGX2bOQhrFD6DI03OMcEjEeysArDvxZKKA1gRBHX8WPeTOFKaa1bkPR_
漏洞治理平台的设计与实现_威客安全,"2019年10月9日 - ①爬虫:我们是通过改造幽灵蛛(https://github.com/henrylee2cn/pholcus)实现的,目前效率还可以接受,一台sever限制一个主域爬15层,2个小时内完成140...",,http://www.baidu.com/link?url=TJxjn-12hJnVvpAaDCoUpvF_jWuylytvwbFwnHDTAGh5GHsW6h5-yVhnEXNHB4gu
有谁知道这个是什么样的蜘蛛吗?,最佳答案: 幽灵蛛（Pholcus）无脊椎动物，蛛形纲，幽灵蛛科。中型蜘蛛。头小，体灰白色，头胸部有2个褐斑，腹部隆起。步足极细长，故称长踦幽灵蛛（Pholcus opilionoides...,,http://www.baidu.com/link?url=JqqlF3l7bcvP8Rv6LZGi55DXh2cJt35wvOiLbB9Z3EixTk_h0WeuaJeU4dsETBMGc_ybq1xoxzUIs8YRFY6bga
近亲幽灵蛛用于兼性群居生活的时间消耗_图文_百度文库,2016年6月14日 - Key words: Pholcus a ffinis ; Group living ;T ime consumption; Subsocial 近亲幽灵蛛( Pholcus a ff inis ) ( 蜘蛛目 Araneae: 幽灵蛛科 Pholcida...,,http://www.baidu.com/link?url=hXd0h139DB2ufeCHqpsoGYamwg9EO-_GZ2FtFCfZl3hpW4WeOnJV9XrwedpZPJZcPA-7niow1wZPeK3NwEfYydf1ZBUGCVR8idg92DaJ0LK
感受器类型-学术百科-知网空间,"北京幽灵蛛(Pholcus beijingensis)体表的微感受器包括毛状感受器(触毛、听毛、味觉毛和刺)、裂缝状感受器(单个裂缝器、竖琴器)和跗节器等。扫描电镜观察显示,北...",,http://www.baidu.com/link?url=Qx2utyQD3EtFCaFpqMkdHOnomxafWvsVz6fEWCfCKKcFa8jTykhNVBjZfKwPdAujXUz6geXF6VMvgGTILblvMq
